id;login_id;voucher_no;voucher_date;month;notes;total_amount;item_names;is_posted;post_date;created_by;created_on;modified_by;modified_on;pay_to_id
1;Soft;79367;2020-07-15;MAY;../fake-data/blob/hipster.txt;41990;../fake-data/blob/hipster.txt;false;2020-07-14T18:48:15;Home Loan Account French Southern Territories;2020-07-14T17:44:59;Rustic clear-thinking;2020-07-15T00:50:43;1
2;quantifying Port aggregate;49349;2020-07-14;OCTOBER;../fake-data/blob/hipster.txt;97442;../fake-data/blob/hipster.txt;true;2020-07-14T15:04:03;Accountability tangible;2020-07-15T02:00:38;Manager;2020-07-14T19:09:18;2
3;Strategist;85460;2020-07-14;JULY;../fake-data/blob/hipster.txt;43299;../fake-data/blob/hipster.txt;true;2020-07-14T14:22:18;Plastic;2020-07-14T15:32:20;users payment Avon;2020-07-15T05:03:11;3
4;Personal Loan Account;64602;2020-07-15;AUGUST;../fake-data/blob/hipster.txt;17672;../fake-data/blob/hipster.txt;true;2020-07-15T06:52:29;Small Rubber Chicken Fork disintermediate;2020-07-15T03:31:50;Orchestrator Venezuela transmitting;2020-07-15T09:09:52;4
5;salmon violet Kansas;29075;2020-07-14;OCTOBER;../fake-data/blob/hipster.txt;78378;../fake-data/blob/hipster.txt;true;2020-07-14T16:16:55;metrics;2020-07-15T02:52:58;Norwegian Krone copying web-readiness;2020-07-14T10:09:52;5
6;users Central;6598;2020-07-14;MARCH;../fake-data/blob/hipster.txt;47026;../fake-data/blob/hipster.txt;false;2020-07-14T10:11:33;compressing regional Mali;2020-07-15T03:22:12;TCP;2020-07-14T23:35:18;6
7;Product South Dakota Berkshire;60023;2020-07-15;APRIL;../fake-data/blob/hipster.txt;56864;../fake-data/blob/hipster.txt;true;2020-07-15T07:00:51;Lake Mouse Wooden;2020-07-14T12:10:02;Reactive;2020-07-15T00:52:15;7
8;Beauty;85124;2020-07-14;OCTOBER;../fake-data/blob/hipster.txt;57942;../fake-data/blob/hipster.txt;false;2020-07-14T17:47:57;Home Loan Account copying;2020-07-15T00:44:49;payment Analyst;2020-07-15T04:18:39;8
9;Salad;13782;2020-07-15;NOVEMBER;../fake-data/blob/hipster.txt;4765;../fake-data/blob/hipster.txt;true;2020-07-14T17:04:27;Pants logistical Producer;2020-07-14T14:32:47;mobile;2020-07-14T15:35:00;9
10;Gorgeous copying Mandatory;58006;2020-07-14;DECEMBER;../fake-data/blob/hipster.txt;89032;../fake-data/blob/hipster.txt;true;2020-07-15T04:00:55;distributed;2020-07-14T12:27:24;Buckinghamshire;2020-07-14T21:49:29;10
